lang,author,period,year,title,n_tokens,n_types,zm_alpha,zm_c,n_nodes,n_edges,avg_degree,avg_clustering,density,ipi_mean,ipi_median,weibull_disc_alpha,weibull_disc_beta,weibull_disc_loglik,weibull_cont_c,weibull_cont_scale,weibull_cont_ks_stat,weibull_cont_ks_p,pct_dot,pct_comma,pct_semicol,pct_colon,pct_question,pct_excl
de,fontane,early,1882,L'Adultera,53751,8748,1.1659240248585832,4.429711664198418,8748,29806,6.814357567443987,0.3809419805464254,0.0007790508251336443,5.5330658886457575,5.0,1.5946874236403452,6.7375081006684105,-21821.657428738126,1.5934334006995061,6.471792537351886,0.09165770774612703,4.4144075274466635e-58,6.078026455321761,8.0891518297334,0.07627765064836003,0.40743428029245965,0.4130155718033153,0.24185596547040986
de,fontane,middle,1895,Effi_Briest,115228,12018,1.3037008529127387,9.106445656076612,12018,52287,8.701447828257614,0.4673798805434199,0.0007240948513154376,5.369678204135796,5.0,1.6693149387428345,6.575033735530022,-47014.555379378304,1.6670922340255343,6.295279696846766,0.09015575706064893,4.1087711144096364e-123,5.4943242961780125,8.830319019682715,0.5345922865970076,0.26122123095081057,0.49120005554205576,0.08504877286770576
de,fontane,late,1898,Der_Stechlin,152357,16289,1.1689842238304595,2.1850180297820847,16289,69524,8.53631284916201,0.4421167772914161,0.0005240860049829329,5.4360133507964,5.0,1.7155810586760394,6.673465490744384,-61268.23093112583,1.651190650545889,6.260549717820127,0.08578784544379559,2.3791910856374235e-148,5.814632737583439,8.490584613768977,0.41153343791227187,0.28485727600307176,0.43188038619820557,0.10239109460018246
en,dickens,early,1836,Pickwick_Papers,368578,20230,1.120412416692253,0.33087805204758863,20230,117126,11.579436480474543,0.5553139164572324,0.0005724176420225688,5.2289543510960135,4.0,1.4501962861040214,6.3568385525319995,-156279.07819627706,1.31162171752965,5.706963081485873,0.09681839170425593,0.0,5.291959910792288,8.851586367064773,0.9417273955580637,0.03906907086152728,0.515223371986391,0.4140236259353515
en,dickens,middle,1850,David_Copperfield,425336,18527,1.1927717281193286,0.23836159684479688,18527,119538,12.904193879203325,0.6194144116088176,0.0006965450652706102,5.742735300179141,5.0,1.6247229802578205,7.006777290642098,-168406.3914771292,1.475253401128985,6.377191303555727,0.076541337261542,5.83e-322,4.305067052871142,8.515150375232757,0.8195873380104199,0.10673914270129968,0.42366505539150223,0.6604190569338123
en,dickens,late,1865,Our_Mutual_Friend,389706,19182,1.198287615426371,3.761672833991027,19182,121678,12.686685434261287,0.5963535587807536,0.000661419395978379,6.115304557405785,5.0,1.5634222676445524,7.404078777515557,-150464.53018342378,1.4338966163059992,6.777106035759727,0.08057815966919202,2.023547110375844e-309,3.9983987929362135,8.079423976022952,0.4957583409031424,0.1431848624347585,0.7128450678203568,0.6243167926590815
nl,couperus,early,1889,Eline_Vere,221023,14422,1.1718621380001124,-1.2821226813123496,14422,81113,11.24850922202191,0.5855262170166617,0.0007800089606838577,4.75829186316146,4.0,1.279607462350541,5.655146501668104,-100578.64541974239,1.5324388499046377,6.142744058217313,0.06659632556773204,2.4910433885789844e-128,6.754048221225845,8.290992340163692,0.5203078412653886,0.22124394293806526,0.6266316175239681,0.9523895703162114
nl,couperus,middle,1900,Langs_lijnen,97700,9130,1.2136381508690857,0.885592304619465,9130,41434,9.07645125958379,0.5690571936811403,0.0009942437572115007,4.601261467889908,4.0,1.3579648851805006,5.545494712740705,-44847.66325572952,1.6484824297600649,5.982663842293725,0.08077080954331084,6.3714502431847615e-86,7.89252814738997,8.100307062436029,0.37666325486182195,0.5404298874104401,0.6223132036847492,0.3193449334698055
nl,couperus,late,1917,De_komedianten,118877,11184,1.0928836572536154,-3.624039806627316,11184,50650,9.05758226037196,0.5627339720162129,0.0008099420781876026,3.2335446644821197,2.0,0.9937433762645069,3.7010326968578475,-64977.09383822515,1.4037962138903892,4.906708773820008,0.10203565826352673,6.481367135598805e-186,11.548911900535847,8.48692345870101,0.6771705207903967,0.6199685389099657,0.9295322055570043,1.356023452812571
