lang,author,period,year,title,tau_prev,n,mean_K,alpha,beta,loglik,alpha_marginal,beta_marginal,alpha_ratio,beta_ratio
de,fontane,early,1882,L'Adultera,.,3266,5.20514390691978,1.4028879137024726,6.248369350447831,-8711.684636784023,1.5946881709556726,6.737507016838464,0.8797255408634171,0.9274007930280186
de,fontane,early,1882,L'Adultera,",",4348,5.94871205151794,1.7765773454223779,7.281937248545697,-11482.035039276223,1.5946881709556726,6.737507016838464,1.1140593990596304,1.0808058871547868
de,fontane,early,1882,L'Adultera,!,130,4.861538461538461,1.3886470665812027,5.873675814519754,-338.8362344199666,1.5946881709556726,6.737507016838464,0.8707953641802005,0.8717877101782883
de,fontane,early,1882,L'Adultera,?,222,4.3108108108108105,1.6299576659432073,5.3992888208763326,-533.990499867678,1.5946881709556726,6.737507016838464,1.0221168599792134,0.801377840109459
de,fontane,early,1882,L'Adultera,:,219,3.8995433789954337,1.6843296882125949,4.956200621140459,-501.2464389368518,1.5946881709556726,6.737507016838464,1.0562125680051928,0.7356134262649165
de,fontane,late,1898,Der_Stechlin,.,8859,5.275538999887121,1.5661438412429909,6.425775409027306,-23242.25287601294,1.715581547185677,6.673470813038525,0.9128938486265308,0.9628835712404292
de,fontane,late,1898,Der_Stechlin,",",12936,5.6271645021645025,1.8241426686338085,6.924871753752258,-33256.55887569611,1.715581547185677,6.673470813038525,1.0632794877201963,1.0376716925505316
de,fontane,late,1898,Der_Stechlin,!,156,5.371794871794871,1.7483759083360977,6.6245011930375135,-400.05847731402514,1.715581547185677,6.673470813038525,1.0191155944782795,0.9926620462765289
de,fontane,late,1898,Der_Stechlin,?,658,4.361702127659575,1.8613177803901304,5.501000445716754,-1529.721206764167,1.715581547185677,6.673470813038525,1.0849485898490376,0.8243087592394924
de,fontane,late,1898,Der_Stechlin,;,627,5.910685805422648,2.026120333589154,7.254058781494675,-1592.1241019329018,1.715581547185677,6.673470813038525,1.181010798882105,1.0869994017688376
de,fontane,late,1898,Der_Stechlin,:,433,3.976905311778291,1.4969841961523802,4.991705337636118,-1029.2767716305573,1.715581547185677,6.673470813038525,0.8725811947605204,0.7479923831963722
de,fontane,middle,1895,Effi_Briest,.,6330,4.89478672985782,1.4255150954614668,5.912645378238423,-16507.279784207363,1.669313980862901,6.57503616968933,0.8539526486949988,0.8992567075897615
de,fontane,middle,1895,Effi_Briest,",",10175,5.726584766584766,1.8241964902972834,7.0357681734902355,-26321.929267828986,1.669313980862901,6.57503616968933,1.0927821315881634,1.0700729230851782
de,fontane,middle,1895,Effi_Briest,!,98,5.030612244897959,1.6887450706689382,6.211266362977134,-247.48657125420306,1.669313980862901,6.57503616968933,1.0116401647795419,0.9446740980088959
de,fontane,middle,1895,Effi_Briest,?,566,4.512367491166078,1.7809731900852672,5.6607681552550915,-1344.197842209903,1.669313980862901,6.57503616968933,1.0668892793701084,0.860948595439067
de,fontane,middle,1895,Effi_Briest,;,616,6.017857142857143,2.057107546258277,7.3732314373784416,-1569.378352709918,1.669313980862901,6.57503616968933,1.232307145235145,1.1213978519796988
de,fontane,middle,1895,Effi_Briest,:,301,3.6877076411960132,1.6523395507205305,4.706060026721361,-680.1444209107682,1.669313980862901,6.57503616968933,0.9898314934536185,0.7157466370171652
en,dickens,early,1836,Pickwick_Papers,.,19504,4.582239540607055,1.3508072410397212,5.577296629861902,-49843.10999349814,1.450197203975704,6.356837950824721,0.9314645189885168,0.8773696408508127
en,dickens,early,1836,Pickwick_Papers,",",32625,5.516260536398468,1.491515830688342,6.698175214397027,-87226.85033550266,1.450197203975704,6.356837950824721,1.0284917296760492,1.0536960775487476
en,dickens,early,1836,Pickwick_Papers,!,1526,4.565530799475754,1.6729101496664263,5.713991135783914,-3702.253874600634,1.450197203975704,6.356837950824721,1.1535742484402511,0.898873178770051
en,dickens,early,1836,Pickwick_Papers,?,1899,4.091627172195893,1.891826072931563,5.1949452272894,-4223.793802772107,1.450197203975704,6.356837950824721,1.3045302168181934,0.8172215915328502
en,dickens,early,1836,Pickwick_Papers,;,3471,6.982425813886488,1.6871156356201558,8.413899820654656,-9825.812757662541,1.450197203975704,6.356837950824721,1.1633698030826027,1.3235982867178575
en,dickens,early,1836,Pickwick_Papers,:,144,7.493055555555555,1.4530126080653565,8.872261752311413,-428.36361840965907,1.450197203975704,6.356837950824721,1.0019413939579624,1.395703621980854
en,dickens,late,1865,Our_Mutual_Friend,.,15581,6.166549001989603,1.5482815256549536,7.449450676794671,-43024.3374555123,1.5634207580050075,7.404073601903315,0.990316597580953,1.0061286633995226
en,dickens,late,1865,Our_Mutual_Friend,",",31486,6.161849710982659,1.560020051266567,7.453992508728559,-86780.72965302318,1.5634207580050075,7.404073601903315,0.9978248294830242,1.0067420867902248
en,dickens,late,1865,Our_Mutual_Friend,!,2433,5.715988491574188,1.6618190692031223,7.005078105272233,-6428.795721677694,1.5634207580050075,7.404073601903315,1.062937830839393,0.9461113546293604
en,dickens,late,1865,Our_Mutual_Friend,?,2778,5.045356371490281,1.665981305433692,6.252183797636861,-6999.092875215179,1.5634207580050075,7.404073601903315,1.0656000931953573,0.8444248576931561
en,dickens,late,1865,Our_Mutual_Friend,;,1932,6.971532091097308,1.6504035153623207,8.392852233929702,-5487.823238189381,1.5634207580050075,7.404073601903315,1.0556361791360036,1.1335452191847752
en,dickens,late,1865,Our_Mutual_Friend,:,558,6.161290322580645,1.4626966503743524,7.3953358973258,-1557.6960973688924,1.5634207580050075,7.404073601903315,0.9355745360838221,0.9988198787522494
en,dickens,middle,1850,David_Copperfield,.,18311,5.566217028015947,1.5331500941019192,6.76534520782921,-49000.040061191736,1.6247218026958583,7.006776880862054,0.9436385303367034,0.9655431195915088
en,dickens,middle,1850,David_Copperfield,",",36218,5.777983323209454,1.6549802577652957,7.0592508763195845,-96447.86129525478,1.6247218026958583,7.006776880862054,1.018623776094609,1.0074890347373349
en,dickens,middle,1850,David_Copperfield,!,2808,5.138888888888889,1.715061566104552,6.363717641464415,-7090.466334965531,1.6247218026958583,7.006776880862054,1.0556032197381702,0.9082232458187648
en,dickens,middle,1850,David_Copperfield,?,1802,4.585460599334073,1.8352640324304428,5.757554791855754,-4266.640727701475,1.6247218026958583,7.006776880862054,1.129586634084209,0.8217123064931096
en,dickens,middle,1850,David_Copperfield,;,3486,7.468445209409065,1.880868810459728,8.992612686511515,-9865.656108662184,1.6247218026958583,7.006776880862054,1.1576559182863502,1.2834164465937927
en,dickens,middle,1850,David_Copperfield,:,454,5.127753303964758,1.6017653140913026,6.305100739976089,-1170.7178486144996,1.6247218026958583,7.006776880862054,0.9858705111444528,0.8998575018418973
nl,couperus,early,1889,Eline_Vere,.,14927,3.7249949755476655,0.8025911668674095,3.743155902182222,-35985.746993043416,1.2796082510557816,5.655142948076457,0.6272163110899027,0.6619029680682822
nl,couperus,early,1889,Eline_Vere,",",18325,5.5238199181446115,1.805034658488559,6.802309268334241,-47026.012986870075,1.2796082510557816,5.655142948076457,1.4106150511293263,1.2028536379700148
nl,couperus,early,1889,Eline_Vere,!,2105,4.643705463182898,1.5732215750373624,5.761737631679157,-5246.154278644261,1.2796082510557816,5.655142948076457,1.2294556351440573,1.01884915811703
nl,couperus,early,1889,Eline_Vere,?,1385,4.153068592057762,1.5615107194622675,5.209089102857634,-3317.2877343401665,1.2796082510557816,5.655142948076457,1.2203037282495586,0.9211242139563344
nl,couperus,early,1889,Eline_Vere,;,1150,6.741739130434783,1.8791232221707224,8.182951023263758,-3135.7316991727284,1.2796082510557816,5.655142948076457,1.468514461844312,1.4469927813313916
nl,couperus,early,1889,Eline_Vere,:,489,5.155419222903886,1.7457001123892195,6.370989946211898,-1238.0486298405724,1.2796082510557816,5.655142948076457,1.3642457454841153,1.1265833604398858
nl,couperus,late,1917,De_komedianten,.,13728,2.144667832167832,0.6354014910695309,1.8689796211239489,-25612.32928353382,0.9937439411785182,3.7010323766398145,0.6394016252476312,0.504988725016452
nl,couperus,late,1917,De_komedianten,",",10089,4.384478144513827,1.5457175938783112,5.469102544026452,-24654.382978093578,0.9937439411785182,3.7010323766398145,1.5554485716362576,1.4777235072425594
nl,couperus,late,1917,De_komedianten,!,1612,3.478908188585608,1.2801572739979563,4.289376455432076,-3769.7534335089476,0.9937439411785182,3.7010323766398145,1.2882164317699083,1.1589675579456622
nl,couperus,late,1917,De_komedianten,?,1105,2.8778280542986425,1.3735131131152127,3.6922702358631363,-2374.5385528298675,0.9937439411785182,3.7010323766398145,1.3821599872964379,0.9976325144216562
nl,couperus,late,1917,De_komedianten,;,805,5.870807453416149,1.8712982005794154,7.204529410671507,-2087.4219461064426,0.9937439411785182,3.7010323766398145,1.883078852647064,1.9466269617485852
nl,couperus,late,1917,De_komedianten,:,737,4.876526458616011,1.3923568653324168,5.936924027455716,-1912.417064830874,0.9937439411785182,3.7010323766398145,1.401122369290794,1.6041264769604309
nl,couperus,middle,1900,Langs_lijnen,.,7711,3.9245234081182727,0.9407283007454946,4.292386030876737,-19146.3142370359,1.3579637753786975,5.545492262271143,0.6927491865408208,0.7740315607471069
nl,couperus,middle,1900,Langs_lijnen,",",7913,5.208644003538481,1.8236827947328687,6.449763031199527,-19792.649507630147,1.3579637753786975,5.545492262271143,1.3429539342640384,1.1630641115632974
nl,couperus,middle,1900,Langs_lijnen,!,312,4.230769230769231,1.5622561301722846,5.269692517215439,-755.9169297647175,1.3579637753786975,5.545492262271143,1.1504402094500759,0.9502659580048264
nl,couperus,middle,1900,Langs_lijnen,?,608,4.001644736842105,1.6048508621308335,5.043459983597661,-1429.4591766490767,1.3579637753786975,5.545492262271143,1.181806828155844,0.9094702048203965
nl,couperus,middle,1900,Langs_lijnen,;,368,5.790760869565218,1.985526884246546,7.114322447511185,-939.0516512077058,1.3579637753786975,5.545492262271143,1.462135382582528,1.282901879768836
nl,couperus,middle,1900,Langs_lijnen,:,528,5.462121212121212,1.8886218619126056,6.7425323765830605,-1331.4716885278608,1.3579637753786975,5.545492262271143,1.3907748469843555,1.2158582246081202
