train_on,font_1882,font_1898,font_1895,dick_1836,dick_1865,dick_1850,coup_1889,coup_1917,coup_1900
font_1882,2.6676,2.7961,2.8639,3.3074,3.3697,3.4352,3.3943,3.5360,3.0204
font_1898,2.7336,2.7048,2.7414,3.0734,3.2982,3.2580,3.4576,3.7357,3.0754
font_1895,2.7653,2.7216,2.7242,3.0589,3.3109,3.2521,3.4715,3.7660,3.0798
dick_1836,2.9967,2.8663,2.8759,2.8972,3.1521,3.0490,3.4656,4.0582,3.4301
dick_1865,2.9519,2.8877,2.8986,2.9843,3.0438,3.0409,3.4603,4.1096,3.4533
dick_1850,2.9796,2.8858,2.8854,2.9381,3.0895,2.9960,3.4241,4.0546,3.4391
coup_1889,2.8372,2.8882,2.8938,3.1469,3.2583,3.2028,3.1285,3.2531,2.9979
coup_1917,2.9783,3.0906,3.0898,3.4847,3.5972,3.5344,3.2826,3.0769,2.9845
coup_1900,2.7714,2.8512,2.8649,3.2779,3.4368,3.3932,3.2737,3.2078,2.8859
